Identifier,Surname,Given_Name,Middle_Initial,Suffix,Primary_Street_Number,Primary_Street_Name,City,State,Zipcode,Primary_Street_Number_Prev,Primary_Street_Name_Prev,City_Prev,State_Prev,Zipcode_Prev,Email,Phone,Birthmonth
28442503,Mathis,Robert,R,MD,8829,Mclaughlin Circle,South Dylanstad,NC,22332,01088,Colin Village,East Sarahton,CT,20576,erin45@example.net,(938)325-9489x0411,200407
23365438,Kelly,Jeremy,G,Jr.,530,Brandon Ridge,Staceymouth,OK,05894,53312,Jessica Street,North Omarborough,CO,67437,ythompson@example.com,420.315.3089x788,197909
65114671,Bates,Kimberly,Z,DDS,943,Richard Spur,Edwardshaven,NM,57035,16318,King Prairie,Justinfurt,IA,03700,andrea79@example.org,527-269-5169x5157,200011
59461646,Mcdaniel,Brittany,A,DDS,632,Daniel Circles,Gutierrezbury,VT,27044,356,Jeffrey Course,Lake William,PW,96803,richard86@example.org,(765)524-2383,195112
67434721,Warren,Christopher,N,MD,991,White Passage,Stewartchester,MP,34832,1483,Angela Falls,Smithtown,NM,26085,charles93@example.net,(385)260-8093,198007
63990830,Richards,David,V,III,118,Martinez Harbors,Reginafurt,NY,64954,136,Laura Ford,West Cynthiatown,NM,37615,ofranklin@example.org,331-404-2890,190306
10816836,Bradley,Chris,F,DDS,0256,Padilla Corner,Coryfurt,PW,68041,845,Anderson Crossing,East Katelyn,VA,04718,andersonrita@example.net,223-881-3065x59355,193109
38104584,Johnson,Andrew,H,MD,287,Janet Common,Jenniferstad,ND,72962,3911,Fernandez Manor,Elizabethport,IN,72657,isabelladuncan@example.org,685.301.4022x7202,194411
79776323,Johnson,Melanie,B,DVM,94251,Hodges Squares,West Tanyaburgh,WI,94537,368,Tammy Trafficway,South Charles,AR,04927,kathleen60@example.net,(345)718-8971x89236,194712
32385005,Dean,Brittney,R,Jr.,56124,Andrew Fort,South Gailtown,KS,75257,63887,Bryant Parks,New Jeremy,PR,78226,gregory72@example.org,001-836-453-0515x620,199710
